{"cameraMode":{"drawMode":0,"name":"Shaded","section":"Shading Mode"},"sceneLighting":false,"audioPlay":false,"sceneViewState":{"m_AlwaysRefresh":true,"showFog":true,"showSkybox":false,"showFlares":true,"showImageEffects":true,"showParticleSystems":true,"showVisualEffectGraphs":true,"m_FxEnabled":true},"in2DMode":false,"pivot":{"x":0.727639377117157,"y":-0.3397858142852783,"z":-0.18176960945129395},"rotation":{"x":0.22016017138957978,"y":0.013455845415592194,"z":-0.003038789378479123,"w":0.9753710627555847},"size":3.86602520942688,"orthographic":false}