{"cameraMode":{"drawMode":0,"name":"Shaded","section":"Shading Mode"},"sceneLighting":false,"audioPlay":false,"sceneViewState":{"m_AlwaysRefresh":true,"showFog":true,"showSkybox":false,"showFlares":true,"showImageEffects":true,"showParticleSystems":true,"showVisualEffectGraphs":true,"m_FxEnabled":true},"in2DMode":false,"pivot":{"x":28.3854923248291,"y":3.0875654220581056,"z":84.34927368164063},"rotation":{"x":0.3336263597011566,"y":-0.042127396911382678,"z":0.014919917099177838,"w":0.9416540861129761},"size":10.80939769744873,"orthographic":false}