{"cameraMode":{"drawMode":0,"name":"Shaded","section":"Shading Mode"},"sceneLighting":false,"audioPlay":false,"sceneViewState":{"m_AlwaysRefresh":true,"showFog":true,"showSkybox":false,"showFlares":true,"showImageEffects":true,"showParticleSystems":true,"showVisualEffectGraphs":true,"m_FxEnabled":true},"in2DMode":false,"pivot":{"x":8.49854564666748,"y":25.505329132080079,"z":-148.70428466796876},"rotation":{"x":0.27245455980300906,"y":-0.01992717944085598,"z":0.005625978112220764,"w":0.9619634747505188},"size":4.466025352478027,"orthographic":false}