{"cameraMode":{"drawMode":0,"name":"Shaded","section":"Shading Mode"},"sceneLighting":false,"audioPlay":false,"sceneViewState":{"m_AlwaysRefresh":true,"showFog":true,"showSkybox":false,"showFlares":true,"showImageEffects":true,"showParticleSystems":true,"showVisualEffectGraphs":true,"m_FxEnabled":true},"in2DMode":false,"pivot":{"x":-2.4834513664245607,"y":-1.1044912338256837,"z":3.38352632522583},"rotation":{"x":0.1345476508140564,"y":-0.02526543289422989,"z":0.0034273196943104269,"w":0.9905866384506226},"size":6.4787750244140629,"orthographic":false}